source,target
5dde8fba82f458000c8c7c75,5deb9fe9b2caa1299d1da319
5efbdfe2d66b1418c2ba858a,5f4c9e74da9c148b0d42ecbd
5e21d253c7fe654b45073bcf,5f6b69d064b69d05a7c7c621
5cfc3d486e9951001a0cb8cd,5f14d5cdb5d4c20e78dc1672
5c4a40123714ae0001863e8a,5ed674a74aaed5093c46b6e8
5bd086bbc3b40e0001df9551,5ee2b44f470fa7446a470c8d
5cc34f64b4a9220015911c45,5dbf9446a3f5cb419e9d28c8
5f2cc8cebc4bd01d61151550,5f3441525cafc1321ef51ac0
5dd0103cb2204f108c201552,5dd352c51c219b35931aefd1
56db4c217dcddf000bd5853c,5f0e50c3a8d93519188a7525
5c5f7a56054ae60001d066f2,5d42407c2de85600173b5f1e
5ee2b44f470fa7446a470c8d,5ef517ab79cf2c15b7452eda
5c5da579bfe5280001448433,5f4c3b115080c673d7923c91
5e2721b01160079464059b5c,5ea1119c737ba611c77c0b77
5dcdcf1f3d341109f64a5127,5e08389f67f170185698a2be
5a791168f49c9a0001f31061,5d446af8687d6c0019c0ca03
5c5da579bfe5280001448433,5f352e9b8ad4af48c58d8143
5ee13fce6b82194fb7a8fedc,5f11f693a02cfb0f417c3c02
5f47e116dbc4a2230a521331,5f4e8f0ac0126208c0db2f91
5e80d8569d1bdf03449b0c2e,5ea492e3b1b3620a6fee3b90
5687d85e369319000c269c55,5eb05058661fe60d7601edde
5eed8bec94fa2f1be77c189a,5f5452df72345118f58d187b
5e7413f282efd538fea9fe05,5ead6b0e96a62440399d8caf
5ce610802be975001b46f0ac,5f3ac1732efa0a74f975b1a8
5f14e0f456500058ee865863,5f4bc3259e842579bf1a8b0a
5e67f0321e4f0a0a657c1d08,5ef1086d5234d40c8a15754a
5ddef2e6929d5de6f1050f1c,5f482b0da1cde52de45f174c
5dd33bd8f01cbe3350807cf6,5dee44454d7bea4e3f4b44a6
5f29dfe7512c2817f7957e1a,5f7794db1fcf8419cb697f2d
5e77f95053032d0b15687284,5f0ca4c7b278534b639a6891
5c5ce95a92e37d00012f2d94,5e5dddabde7bcc0f4e431817
5d09658d561a350001d62540,5eb29a3db97d6b0008d24a1a
57656f6c2bfddf000125cce5,5aeffc6e0ccc2e000185aa28
5e5ca080bb37ff47b09dd4cc,5e67b5c4a027430517877069
5c5f7a56054ae60001d066f2,5e4d9878130d9e1fb88e68d4
5c817d90fae0130015ce9bda,5f07ec0ec025b5421c3e3379
5de7b588ff15c2a06658dd1d,5f51268b7abc4a30c4d8240d
5d49a0b751695e0001a188a8,5f657048f1af6f0fac94a852
5ee1aff5d156f20008c98012,5f0df6c9b64b5107b88cbd4b
5e3f6b251d15101c5251d8b7,5e8a10fdb4921a6a6ee61d88
5bd8d97c26903900018579d3,5f6be2474140c215c8ebbe52
5ad4a9f30f5d3900016a4d8b,5b48e77c369f84000112a85c
5eb3ade7c66e621a76d48c66,5eb626e38224d351c2580802
5e3f6b251d15101c5251d8b7,5f16fa8069dc2901cd1e0b05
5e1bb75a8e55e13e8e848319,5ecb2895bc80406a12e913a7
5eac240458076b2299539277,5ec735fc4131bd17f438838c
5c5ce95a92e37d00012f2d94,5f5ce7f940a2614f6cb6e747
5d38c604b3126d0001fbed6e,5ddf58d87af661ed30fff14b
561d98e03d7fe8000b0f5e09,5c5f7a56054ae60001d066f2
5b11682bd3ef5a000107dc58,5ea7013f3fe3360abb654e38
5bf604c93a46830001a6d26b,5c91d45264d5c100171ea8ab
5d1554e28ecfae0017a026eb,5ed9df4296035b58dce21946
5de9ca3319398a0f991c84cb,5e79352ea4d7d30d65532c51
5e790129bd76c94a7b3aa7b6,5eb29a3db97d6b0008d24a1a
5dcfe5ec41fb3f0de0080f1a,5f499b471c384e50e424e5a9
5e921aa6a9e4ef549f6aa4f1,5f2226b52841bb6c1e759c13
5e2622adde8f270961b5fde0,5e6db3f02649e03834220ef0
5d437b12e2051e0001a248ca,5e531b2205acdb33c0f5f24c
5e52af8dd120e7000bc35826,5e8ab4b84d3d6775b807e9ba
5e1545d9b1fb05b6369d13e8,5e685de0490eba10cf5348af
5e01ac85617219d6da5ab31c,5f400d4a51a8cd1011b37455
5e21d253c7fe654b45073bcf,5f55b2de5c3cb118507479f5
5daac00a033d570013579de0,5f60d31390a8c1044e775b18
5d42486206811e001ada5b4b,5f112c3557b476490891ec16
5eb35e715308a1157ae3b853,5ebabe2f4d32da02ed3a6915
5b997597caaef400011da16d,5e4ce1b969ff371388c86078
5d3356323e1190001909339b,5f95c1590b160b4597c93a76
5d4a1c61be2a040001beaedb,5e9679a26b86610fdf2c766a
5dd31d3216d10c341d2d2c7e,5f16520a9e2ee97d266d4241
5c6f1611922d7a00017cb800,5dd84869f83c9f7f8e25ce29
5d314d9a667c4e0019ccc45d,5e9a13607f6aab090d1b4d29
5ef19d99454675561e3fc9bb,5f39d80f9bbaf517512eb86d
5b23d0784fb0d40001e95407,5f0cce2c0a181350357ef913
5b23d0784fb0d40001e95407,5dde8fba82f458000c8c7c75
5ef0b9fefb4e033ed8364c10,5f053720c017078437e04818
5b8e11444cd6dd0001bf07d9,5d1554e28ecfae0017a026eb
5c114210280a8200019d7b1d,5eb35e715308a1157ae3b853
5d36600685d1d50001affacb,5f91a6fd02a12e041dd41ec4
5df15bc3361a8506b94f79ed,5ed17f22e1dc340c98fd6bc7
5aeb922a75deca0001624d23,5ebd52d8cb09d4000c9f64af
5c4098bc2dcf46000167e4c9,5e975ea254955d0bfe9f7929
5cdcfb9de3e7c20016a4082c,5ef3e76be991b816cd499e69
5ef865fa1fb3f55b2f7f3f74,5f1a93900aff791b8c4444f5
5f00cc127086ce2029ae6541,5f4d4ad0fdcc2b1371ceec98
5869dec37fbbcd00013974e2,5f1b1f6a908b2609a62ab7ad
5d3213238088eb0018fee4c9,5ef0b9fefb4e033ed8364c10
5e7e70c583c34c53f6c643db,5f31c7c8152f590f64c8e902
5d1ba5653788ac0019ced548,5fa46f7a614df30ea736fd1e
5dbc46b70338051eb7999760,5f0107db94097c2544c516e6
5c30b27e3329f40001e8e582,5ce36fd645ff250001244987
5d8b7c00f6c3640019267f3b,5eaf5e17fc65f76590f73519
5e820a4e26ed71918013d860,5f130f1ced1d352c7cd914dc
5e723ffcc1c46a022a71a6dd,5f95c1590b160b4597c93a76
5a0f7d84ff266c0001d209cc,5c53b76553fba80001bca743
5f4fd45ac62ac40f6bdf8ee1,5f6817d32dac2317c0453f2a
5de7e24d97378d000b4eefb5,5f5ea24540d99b76cb6af503
5cbea0b506e27c001e4c03a8,5e799448fb3c7055cdee5ecd
5d378c6281077c001962a614,5d9bf6ef9bb6870364067287
5c159f7745de2c000133c3f2,5e8ab4b84d3d6775b807e9ba
59d5c894c732930001d88b5e,5e8fe10948e8062e52605345
5e3360a4499e7932901951cb,5ef831c97dcd65573bbb0649
5b997597caaef400011da16d,5e51dfe3618c57215938d7b7
5d36600685d1d50001affacb,5d37d2861566530016a061de
5e46fefc190716000bcc1b92,5e9d549e36f025000a0ddc25
5e1882adfd7db4158998b5f0,5ea714d0ba872d0cc55cdd79
58641c3bdb3e720001e22831,5f03e4a77df42060e6b3dd13
5706fb93914b7100093b7925,5f481e6faaf9582bdcd9697b
5f51265c4873f23082851a5c,5f5be35f7e4af23a5145586f
5af9b78246f0040001e34b19,5c5ce95a92e37d00012f2d94
5d437b12e2051e0001a248ca,5f9d9521d0edb72c4a201709
5c43c90d5aca820001f73f6f,5f14c40b8a043d54837e0601
5d5b64a224470200150a9cf1,5dd1dc9110420023be388e5d
5ee9d0dfab4d21000ae469c7,5f568b81712ed00cb3759181
5de7e24d97378d000b4eefb5,5ef6d07be683903cd5ae171d
5dd3d7787b6a663b7f0e3846,5ed5e0276122c5175e4509d0
5dd5db1ded7ea4574c7bc996,5e01ac85617219d6da5ab31c
5a79f14a8fe2dc00010593eb,5dab7683c514d8001730ae4e
53979923fdf99b1ccc3f11f6,571cea664ca277001153c045
5c5fc0136467ac0001b80940,5f0df6c9b64b5107b88cbd4b
5d0fb996286e1700010de2c1,5f0e50c3a8d93519188a7525
5ef3e76be991b816cd499e69,5f4bc3259e842579bf1a8b0a
5db6f5c8c5ffeb000ac7cfb2,5efe907ba8384039f55a9625
5ebea06f9d56a105c10f6315,5ef54b31234db61ac1c7fdb0
5b32599cc8e94a00018f22a5,5ed6a20e56cb1a0f7f8f7d20
5aaf4b0ce1546900019b01de,5fa6006c1355231e6094a472
5dead51bb48fa7200b3d0dd8,5f03e4a77df42060e6b3dd13
5e8408d21d9287000cae48bc,5f4d53f96aa639a0d605052e
5977e3867412f8000194e1fe,5de33ff0cc246f3633dc01d2
5cc020d5159f790017bee28b,5e08389f67f170185698a2be
5c12f106c4b80e000192c472,5de855017d44177cafe19840
5ede3d2ef7c9f9068776c4d2,5f39c08c4b0c7456a60d4932
5dbf9446a3f5cb419e9d28c8,5e7fbf90e06daa01664bc717
5e96a26dc5a849123463f9e9,5eba357c3d72c116be317542
5f8bbce9ee73572fb4ee63fd,5fa46f7a614df30ea736fd1e
5df3b781ff28a82967d0e41e,5e3360a4499e7932901951cb
5c7f6bbdc2d6ce00015af169,5ea8154dcfd4dd20473ed88e
5d497f8d3c428d0017121681,5f5ce7f940a2614f6cb6e747
5eb33a377e2404137054ebe4,5ee156d710299316d829fe31
5cc93712f2915d00148a0602,5f4d92a4584ab6064be44ce5
5f12a44dadcb8421418b6a80,5f5128258dff8f30b0c3c1eb
5dfeccdf4c81b2b61266d02e,5ef3aa388ec82e1307ba5b02
5f07c86524cc101f35f443e6,5f4cf071633ed2922c6e06dd
5dde8fba82f458000c8c7c75,5e6fe1df6319c15be2ea3524
5d84e353a954540015f51437,5eacd70006f95f33990e3df9
5ea911550ffb2437c4241ec3,5ee6eb360d297347867f3e6d
5c3a34eebe1ddc0001aa35d6,5f51265c4873f23082851a5c
5e7072e5fb136c63e94f3fa4,5f51268b7abc4a30c4d8240d
558acd52fdf99b65685f03d9,5f6388bf9ae5ad07ba1a0173
5c8f924dbd496e0012a84583,5f95c1590b160b4597c93a76
5be05da9b5be300001e54be5,5de980f63d36b20b9068cfed
5ee6511c69b98d0129d62f27,5f07ec0ec025b5421c3e3379
5c6babadec1fb80001c18bed,5f51263e54863a31bd83b07d
5bed01c8306ec30001fb80e2,5dcb55b60133ef83a90f85ac
5f4d53f96aa639a0d605052e,5f9addbfc4733c24f8e81be3
58ac890076c5b70001662993,5f8bbce9ee73572fb4ee63fd
5c989ea4c7f75b0001677fa8,5de7b588ff15c2a06658dd1d
571cea664ca277001153c045,5a0f7d84ff266c0001d209cc
5cc020d5159f790017bee28b,5ea714d0ba872d0cc55cdd79
5c6c90bcf4dc2c0001e8d6d1,5e8b50db95c6e00171fc6151
5e8727fb90c37002d97ca052,5f14e0f456500058ee865863
5bdc6d16d9bc4e0001134779,5eef1e59872e07000ba6cb37
5f55b2de5c3cb118507479f5,5fa0270a0f22bc03bd0380ee
5cfbcc1fa7f8940019cd8704,5e9a331602672c0c3ac47c34
5dd05e209c84d814d77d726c,5e470b9563f714033f4b7a7f
57656f6c2bfddf000125cce5,5ed70903f3b2f8195f919e6f
5dcf716a5726040ac12efe1d,5dd332d218beb6343b22a5e4
5eac6e70e481222bfb2a8872,5ec741f90b0a68183be0ac6d
5ed674a74aaed5093c46b6e8,5f0963c6310eaf000b922e94
5f482b0da1cde52de45f174c,5f4e8f0ac0126208c0db2f91
5f469dcf5fcb5d0355771013,5f55b2de5c3cb118507479f5
55b3120cfdf99b6ef6263a71,56b399cd2bac74000d89ddfa
5ebc6d34046b2a0bc9f2b3b8,5f0298ad4a1b58435567e7d4
5f0aa896791e0236de3fbdcb,5f15fbdf2c61ce144ceeb357
5c0023fb2213be0001c2cdde,5df15bc3361a8506b94f79ed
5e79352ea4d7d30d65532c51,5f8bbce9ee73572fb4ee63fd
5db9a46ff8e3f9000f88cb85,5f1797269c4348022140d2f9
5e5ca080bb37ff47b09dd4cc,5f69256939716410ede6f2be
5e322c53287816210062d0ac,5f3a06ed07aaa21cd8a2e3b4
5c8be0dd542fbd0016924f5f,5d8d29488bb7fa001a59cfec
5e3360a4499e7932901951cb,5eed1bae9e63ac127ac15a77
5c1a4d7d1aea120001fdd685,5e83fab3af601d15b6fef5c7
5a791168f49c9a0001f31061,5f95652e3cc3b13bbb321626
5c43c90d5aca820001f73f6f,5e4a1730c94447480594cea4
5d36600685d1d50001affacb,5eb10e1b6e2f921d6d6567dd
5e5593e29a302e59cb575f46,5e8b9c7054a5cc07dd6e174d
5e95eb91a72181035dd053f3,5f6cdde7a8d71310b06e402a
5cb62855a8a6d400176eca83,5eb06b5c438b1810fe2e58a2
5ef831c97dcd65573bbb0649,5f557591aa1c4e950ba02f01
5aa61dd36475f90001a05dcf,5dd28beafce6062a4f5221b3
5efbdfe2d66b1418c2ba858a,5f14cf327627fb00097f9a8a
5de1ef4ecb1b08240f97671a,5f935494c542c2119a47e3c4
5aaf4b0ce1546900019b01de,5e9ce0a46976671ceda6082a
5f5ce2af3329104f89c492a9,5f5fcf3aa5691f099d7ed990
5c5fc0136467ac0001b80940,5ee6f70bf796cb48968abc42
5c102b9461df5c0001cb468b,5ee6511c69b98d0129d62f27
5a883128b093f80001a7eeec,5e6d08da374f5b2c1f67aa85
5bb6413cb4dca50001df0096,5f5d699b1b86c05bcf242f45
5e8c4ef7d1aaec03d6486c80,5ea714d0ba872d0cc55cdd79
5c7a4ca80b94ca00164122a1,5ea3310bf9c4f828f0c909c5
5dead51bb48fa7200b3d0dd8,5f1269b2bf131c1c3ad768b9
5ea6f8960deb82078a6ffb69,5f3b2b15f5d396257a4cd215
5d10eaf23afd390019075267,5f5d699b1b86c05bcf242f45
5bb6413cb4dca50001df0096,5ea96c3da01cad04cfea50b6
5e652eca7513cd000b552d4a,5e80d8569d1bdf03449b0c2e
5d96203d74f4a000159a8c58,5f53d12e8401650d33179059
5b0319e68d753d0001cc75c7,5b315e97f23189000161a03d
5ee59169fbedfb2dede8cea8,5f12a44dadcb8421418b6a80
5dab7683c514d8001730ae4e,5e79352ea4d7d30d65532c51
5a9a9a34dbdb470001eee32c,5c5fc0136467ac0001b80940
5d8aafe09d72b20019dc66d3,5f2f6bd965964e35e20c7445
5d792a20c0a7b8001879154a,5efbe4f0c9f37c1a3b70afaf
5c738ffc61dd7e0001a16a72,5ed56587e879740cccc9d62a
5ec8179eb5b1d20f88b26120,5ec96c9a80f84647e8582cb9
5c8f924dbd496e0012a84583,5eeaae03e1959f18cd331cd0
5acba4a15cd10500016280ca,5e67b5c4a027430517877069
5c0023fb2213be0001c2cdde,5dea961cf4c5e11bd9c4058c
5cf274cb201b8000190c85cd,5d1ccc7c7e747d0016183e65
5f07070d75038e05e9fcf515,5f14d5cdb5d4c20e78dc1672
5c4534332b1bda0001f5791f,5ea6467fe88f00661eb5638b
5ea9c07d1e683e1118000f78,5f5ce7f940a2614f6cb6e747
5f113ec4c304894ad573296c,5f375d51fae4971ed086f809
571cea664ca277001153c045,5d1e5e30a043ee0019453932
5c8be0dd542fbd0016924f5f,5f2f6bd965964e35e20c7445
5f3b2b15f5d396257a4cd215,5f616e6d5399870fad4c4d17
5ee672f87fecd30400e752f1,5ee6e0d2ccd83446a3611dd3
5d4c7ac3e8ec490018b0050d,5f4828b6dbc4a22da4be4d72
5da947c15854ba0011d3a88b,5f4c9e74da9c148b0d42ecbd
58043bb3bd8a970001fdef44,5e8408d21d9287000cae48bc
5f31c7c8152f590f64c8e902,5f469dcf5fcb5d0355771013
5f4bc3259e842579bf1a8b0a,5f5ce7f940a2614f6cb6e747
5c91c693765dad0016f8495c,5eb10e1b6e2f921d6d6567dd
5df9d7c2451be5738da84e4d,5e51dfe3618c57215938d7b7
5c989ea4c7f75b0001677fa8,5f26378609aca228dcfd19fa
5ec735fc4131bd17f438838c,5f14c40b8a043d54837e0601
5ceff90683416100197cde83,5dea76e109c1071948aed0ff
5c95970cd676900016e1a940,5ee59169fbedfb2dede8cea8
5ec82c3f67c66a10c498ecf6,5eefcccaf9461b13feb83c5e
5dcb55b60133ef83a90f85ac,5e4ce1b969ff371388c86078
5d1aadf961a40900171f6931,5ed1e0f7ba6548028fc64722
5e097142864020244036e40d,5ea3310bf9c4f828f0c909c5
5c4de8f726093e000134ee6e,5d0eb8f40c09d600174dca28
5e7072e5fb136c63e94f3fa4,5f375d51fae4971ed086f809
5cfc3d486e9951001a0cb8cd,5e097142864020244036e40d
5c91d45264d5c100171ea8ab,5f112c3557b476490891ec16
5dead51bb48fa7200b3d0dd8,5f2dd9a6f7105d130903473b
5ede3d2ef7c9f9068776c4d2,5efc9e6602650605d21ca962
59ad6f1e09709e00013c2ba5,5e9115dde9961610d06e08b8
5c738ffc61dd7e0001a16a72,5ebd52d8cb09d4000c9f64af
5e6cade3d92ffb26677dbd84,5f67f123a9151c4484c6e1f4
5b90b56f42e93f00017cc85a,5bd4cb4f25db7b000179488d
5d2f054b1dde3600015e43d9,5ed94132a8b177107d611847
5dcb55b60133ef83a90f85ac,5e322c53287816210062d0ac
5dea961cf4c5e11bd9c4058c,5f4d2156f727e10c3c2c4a35
5d4c7ac3e8ec490018b0050d,5e67b5c4a027430517877069
5bd086bbc3b40e0001df9551,5f4c5105ad5ee685d48bcca2
5c228e5c867f660001ad66be,5f3e9f121e84430ec9310a7b
5a791168f49c9a0001f31061,5f3e9f121e84430ec9310a7b
5d0ef1db991536001911cbf0,5d96203d74f4a000159a8c58
5de855017d44177cafe19840,5ede89655600b51030337511
5bfcb5e3aa5fa30001364404,5eaf5e17fc65f76590f73519
5e6d93f7d038053607d17880,5ea6467fe88f00661eb5638b
5bc0bcb38b1ded0001bfaa58,5ede3d2ef7c9f9068776c4d2
5dd4070a57a7e13efe25534a,5e730aa954a7b42617d99c5a
5d497f8d3c428d0017121681,5f60371e80ea02132146968e
5ee9d0dfab4d21000ae469c7,5f1798fcec2e75013c28cfc7
5ebcb23a12a15210197d1d00,5eeacbef6580b820c71e449c
5d3f6c700bd40e001cf67d98,5dd4070a57a7e13efe25534a
5c114210280a8200019d7b1d,5dbf9446a3f5cb419e9d28c8
59877315f8b162000167a2c6,5beaf789650d4f00015b9e63
5850d667b64b9e00017cb722,5f7650394e4cec0eb873e182
558a0bc6fdf99b2d7699a94c,5e606b1eaf84e83c728748d7
5de7e24d97378d000b4eefb5,5f04797c88d91307286d6379
5a79f14a8fe2dc00010593eb,5c707aa503f85b0001af8c7b
5d81611eb54787000140f73a,5ed9df4296035b58dce21946
5eaad5dcc2e64603e5122442,5ed5ac56ee608714bb21075d
5c2854db89f035000174b3d0,5e5dddabde7bcc0f4e431817
5efdcf388c837e24c1bbb083,5efe907ba8384039f55a9625
5eb1e9b96c1f4713ed5d0a1e,5efbe4f0c9f37c1a3b70afaf
561d98e03d7fe8000b0f5e09,5d49b7be18ecc30017428cd2
5dcb55b60133ef83a90f85ac,5f053720c017078437e04818
561d98e03d7fe8000b0f5e09,5d437b12e2051e0001a248ca
56db4c217dcddf000bd5853c,5f469dcf5fcb5d0355771013
5f5128258dff8f30b0c3c1eb,5f568b81712ed00cb3759181
5ea74ea1fb3f711081d6763c,5f7e700fa9c86614bbb5343a
5cf274cb201b8000190c85cd,5dcf6037b103ee09ffb24ad9
5eb05058661fe60d7601edde,5eeaae03e1959f18cd331cd0
5eb2f1a1ce5ba10ab2c0a042,5f0963c6310eaf000b922e94
5d446af8687d6c0019c0ca03,5df11a727f08ed028418fa62
597b858909bdcf000153ff58,5d0eb8f40c09d600174dca28
5f26378609aca228dcfd19fa,5f6388bf9ae5ad07ba1a0173
5ea9c07d1e683e1118000f78,5eaf06728a4c375eb1a7f6b0
5a68bd3463394a000155c9e7,5d1e943542ea95001a078e22
57d6dd8d6598aa000199188b,5c5da579bfe5280001448433
5d1ba5653788ac0019ced548,5f5a3a4c829f790a5c6d1ff2
5e322c53287816210062d0ac,5ef060014ba8c51fbf60b54c
558823c2fdf99b318cb4224b,5c43c90d5aca820001f73f6f
5d625b4550d0dd0017805839,5ef54b31234db61ac1c7fdb0
5e531b2205acdb33c0f5f24c,5f5fffc902adba0e8f3fdb75
5e2f92e3484f9b5583eddcdb,5e4ce1b969ff371388c86078
5d49a0b751695e0001a188a8,5d625b4550d0dd0017805839
5e79352ea4d7d30d65532c51,5f1b2282a3103e2caff2fd7b
5de59698a2db8951b9955ccb,5f60a93d6baab60522f3d1fa
57f6aefc42bfc700016ab1e0,5f1e2d97255c767dbdd67c86
5ed9df4296035b58dce21946,5f67f123a9151c4484c6e1f4
5ee3c8f2eca1a2085413c9d5,5f4f29b8c154ed17df64546b
5ea492e3b1b3620a6fee3b90,5f907b351fe59213d2314559
5d81611eb54787000140f73a,5df9d7c2451be5738da84e4d
5a91877e777df200015fa0f5,5e8c4ef7d1aaec03d6486c80
5dd4070a57a7e13efe25534a,5f6dc2d7fa66e824dbf70d24
5e2f4df549436751a44c8d8e,5ee9d0dfab4d21000ae469c7
5ea4a34e4085724768be21a7,5eece89d63352e0c327ddb0b
5dc0ac2c441a2105cbb3bb0f,5ede89655600b51030337511
59ad6f1e09709e00013c2ba5,5f416c04539a9d31180b1648
5f29dfe7512c2817f7957e1a,5f39c08c4b0c7456a60d4932
5dbf9446a3f5cb419e9d28c8,5e711d9e908b46031e32138c
5de10a767292b61529705ead,5ee2b44f470fa7446a470c8d
5dd33bd8f01cbe3350807cf6,5de1ef4ecb1b08240f97671a
5db6f5c8c5ffeb000ac7cfb2,5ef19d99454675561e3fc9bb
5aa61dd36475f90001a05dcf,5ec8a23062738338f917576a
5f4f29b8c154ed17df64546b,5f5fdd9ae0a5c90b28f6372e
5d37d2861566530016a061de,5f4c043843154b0efb8a1a25
5d961edc1b7e120012c4ca34,5f113ec4c304894ad573296c
5c5e4e5106006e0001db8f0c,5eee2f5b6a22952a2bce82fc
5db9a46ff8e3f9000f88cb85,5ee12e737def25505356237d
5b21c4ab31d0080001b9f55e,5d5dc2d37bfc8400013b653c
5eea18fc3e537f0c21f2e9df,5f416c04539a9d31180b1648
5dd352c51c219b35931aefd1,5dd4bd7ae4f4a0499548a810
5d792a20c0a7b8001879154a,5ec6e4ebdab574105b1bf4d9
5e097142864020244036e40d,5e9bc5c73a47a40d4ddc16d5
5d497f8d3c428d0017121681,5e531b2205acdb33c0f5f24c
5e4d9878130d9e1fb88e68d4,5eeaae03e1959f18cd331cd0
5dcfe5ec41fb3f0de0080f1a,5f26bac88dfa6b4245d86e2d
571cea664ca277001153c045,5951c8505f42c10001ff3f93
5ec5d393295d6e655f9842e4,5f053720c017078437e04818
5aeffc6e0ccc2e000185aa28,5eb05058661fe60d7601edde
5e24ce20e3c71973d8ac396d,5f07070d75038e05e9fcf515
59296fb2e8a7ff000163f033,5f6cefecb8137d13565d8c33
5aa61dd36475f90001a05dcf,5eee2f5b6a22952a2bce82fc
57d6dd8d6598aa000199188b,5c4098bc2dcf46000167e4c9
5f4e8f0ac0126208c0db2f91,5f53d12e8401650d33179059
5a127fc7c259f30001766641,5aa61dd36475f90001a05dcf
5df3b781ff28a82967d0e41e,5ee8f92c564e6212704b2315
5c5c76a0bfe5280001447999,5de40feb61872d000d8803ff
59d5c894c732930001d88b5e,5f1664c5e764871cf6d224aa
5c7c1b0dda78bc0001257fa2,5f9f6e40ea7f965ca33bf97f
5d81611eb54787000140f73a,5eaad5dcc2e64603e5122442
5bf3761862e1bc0001f15cb2,5f3864a4596925371d23631e
5c6babadec1fb80001c18bed,5f60371e80ea02132146968e
58f0fca0d40252000192f201,5ea4a34e4085724768be21a7
5f29dfe7512c2817f7957e1a,5f6be2474140c215c8ebbe52
5be8de2ed3560900015c743a,5f195ead0ccbf2018572a26f
5c91c693765dad0016f8495c,5f4cf071633ed2922c6e06dd
5e799a4602f92955a07c7546,5e9bc7adcf719d0d4854a34e
5eb2f1a1ce5ba10ab2c0a042,5f15da27044c9b700c9b7432
5e0e49cfbf3d4e5b0925b2a3,5f568b81712ed00cb3759181
5dd28beafce6062a4f5221b3,5ec00f62cf12be40ea6fe344
5e60344611009137b29e78ac,5ea5ce85c8a6d443aea2bb5d
5d3bfd65aca82300157c95c2,5f84e179b04d981b82eec08f
5eef1e59872e07000ba6cb37,5f0fcdf51ab5551ea56a297a
5e26a04f727e048d3e0b9459,5f15da27044c9b700c9b7432
5c670a430d80fd00014264f9,5ef54b31234db61ac1c7fdb0
5d1534993fa4550019cf8aec,5ee53940e704230cfe9c301f
5f51268b7abc4a30c4d8240d,5f517ddee960a93daa69b8bb
5dcfe5ec41fb3f0de0080f1a,5ea8aea9e641063184658126
5de7e24d97378d000b4eefb5,5f4964284f80c214e8404fc0
5edff301000fa631c7b5bd3b,5f12b2d469688113079cc273
5d36600685d1d50001affacb,5e1545d9b1fb05b6369d13e8
5e387b36caa8e1000da3f0f8,5e820a4e26ed71918013d860
5ec00f62cf12be40ea6fe344,5f4da0c092c4bb080b6c0ebb
5ad4a9f30f5d3900016a4d8b,5f14d5cdb5d4c20e78dc1672
5d1e5e30a043ee0019453932,5dbc46b70338051eb7999760
57d0badf28d5250001bdd9d2,5efc9e6602650605d21ca962
5a2ef2d89c334d0001775a0c,5e21d253c7fe654b45073bcf
5d36600685d1d50001affacb,5dea5ba4446c901777bde897
5e322c53287816210062d0ac,5ef3e76be991b816cd499e69
5afa5252672ea800010d97e6,5f0df6c9b64b5107b88cbd4b
5ed1e0f7ba6548028fc64722,5f641cfa0c8b8b19b424aa4d
5c6babadec1fb80001c18bed,5e2be6efe179572183644844
5d79375d794d900017671c07,5f4f880fe0a90c049c47adca
5df88caf783225616ad3defe,5e958157d5fa4490493e6c0d
5eb05058661fe60d7601edde,5f08bea1c1c4e111f286d7d1
5dd4767b32288646716dc98a,5dee44454d7bea4e3f4b44a6
5de1ef4ecb1b08240f97671a,5dead51bb48fa7200b3d0dd8
5de1ef4ecb1b08240f97671a,5f482b0da1cde52de45f174c
5ebea06f9d56a105c10f6315,5f4d92a4584ab6064be44ce5
5d4c7ac3e8ec490018b0050d,5f0e50c3a8d93519188a7525
5e3360a4499e7932901951cb,5f3ac1732efa0a74f975b1a8
5ee53940e704230cfe9c301f,5f16520a9e2ee97d266d4241
5e1545d9b1fb05b6369d13e8,5f8b1c0849eea7208ee49a38
5ebea06f9d56a105c10f6315,5ec571fbbe9f1b54ce2ea875
5e2bf2153a9311222d4892c6,5f517ddee960a93daa69b8bb
59b013c8f69f340001866ffc,5eb06b4ab1f63a0f7384b7b9
5706fb93914b7100093b7925,5f2cc8cebc4bd01d61151550
5eaa26c17c3cbc1ae4881baa,5eb9cbed3af3720f69cb5913
5f5127e45185c93094565dcd,5f557591aa1c4e950ba02f01
5e7315864f3331260bc56c05,5e8c4ef7d1aaec03d6486c80
5d510396f6725b001a4fc025,5dd5bc3bd5cef8000b9861d5
5c5da579bfe5280001448433,5e718a10031ef50be0aa2092
5dbf9446a3f5cb419e9d28c8,5efbbac9041ae7163c083d36
5be8de2ed3560900015c743a,5f880d491c31fc25c442fa70
5d5dc2d37bfc8400013b653c,5f67c86c73bbcf40f72deeaa
5d545ca7f3419700170ad579,5e88cb47f23c8655935e7941
5ea3310bf9c4f828f0c909c5,5edff301000fa631c7b5bd3b
5f29dfe7512c2817f7957e1a,5f4e8f0ac0126208c0db2f91
5d0fb996286e1700010de2c1,5f4c043843154b0efb8a1a25
5ee69c554039c841faafb13d,5eea95eb104faf15face3b81
5f14d5cdb5d4c20e78dc1672,5f60d31390a8c1044e775b18
5de10a767292b61529705ead,5f1681427a99fb7e7d6bbec6
5ee53940e704230cfe9c301f,5f47e116dbc4a2230a521331
56db4c217dcddf000bd5853c,5d06b3a3ae1dc1000167e533
5706fb93914b7100093b7925,5d625b4550d0dd0017805839
5dd61a909ca8a35c14d8d610,5e11882114ae638303c715d9
5edff301000fa631c7b5bd3b,5f30841ff614014e92784605
5ef831c97dcd65573bbb0649,5f67f123a9151c4484c6e1f4
583f02c8ca2e57000184353c,5e7fefe06c12706d47e35211
5df15bc3361a8506b94f79ed,5f03e4a77df42060e6b3dd13
5dd3699ee73e6136c640f1cf,5e9b860b845ce808703dd6dc
5ee91d6e634e8e1290804250,5f55b2de5c3cb118507479f5
5db6f5c8c5ffeb000ac7cfb2,5f6e7ce18d7ea83c39acc2d5
57656f6c2bfddf000125cce5,5d5eeb06d8bcde00162d73f1
5cbea0b506e27c001e4c03a8,5dd3e6b66ca7e73c42b4eec8
5d8d821215875e001482ece7,5fa41b6733b31601ac3f79c5
5eb02a40b17a8c0868685d32,5ebabe2f4d32da02ed3a6915
5ee2b44f470fa7446a470c8d,5eed1bae9e63ac127ac15a77
5c4d1a6c9ce35100019dbc88,5cfc3d486e9951001a0cb8cd
5e975ea254955d0bfe9f7929,5f97876ff0dac31565af2afe
5e2f4df549436751a44c8d8e,5e4566e8f64db704b739b757
5dbc46b70338051eb7999760,5f00cc127086ce2029ae6541
5e531b2205acdb33c0f5f24c,5ee91d6e634e8e1290804250
5f0e50c3a8d93519188a7525,5f612984e5033f09587f0faf
5f4f880fe0a90c049c47adca,5f568b81712ed00cb3759181
5e3d91a08dfa83000c9f4d36,5e9e23f67266611ed1219178
5c670a430d80fd00014264f9,5f3c2648a9ef86a4c10de377
5e2926d80beb030ede110e67,5eaad5dcc2e64603e5122442
5e67b5c4a027430517877069,5e7f9714e74e0c66d2a04098
5c114210280a8200019d7b1d,5de9ca3319398a0f991c84cb
5ea876f4ea2ee42be043746d,5eb10e1b6e2f921d6d6567dd
5e2a2246ff519c000a305892,5ea8bd7dde405c135b36267b
5eba2e33474e6517605faffb,5ebb48fa86aba5115f8f33c9
5d5dc2d37bfc8400013b653c,5dde8fba82f458000c8c7c75
5a91877e777df200015fa0f5,5c6babadec1fb80001c18bed
5aeb922a75deca0001624d23,5e2d9faa72e2fa39058e5b4a
5adfa230f6b58c0001fa8cb1,5c7e91c1973c990016ea72b0
5bdf8df9ed3acf000166aafd,5eb1080bc2728b1d513f5727
5f50544b526bec1ce4a44f70,5f94aa40f830e83034baa1c0
5c8be0dd542fbd0016924f5f,5f14c40b8a043d54837e0601
55ed87f0748092000baa9a0b,5f067c54f05beb1e8392a532
5efbe4f0c9f37c1a3b70afaf,5f26378609aca228dcfd19fa
5ceff90683416100197cde83,5f07070d75038e05e9fcf515
5c27e76978fad500019328cc,5e77116039c4412820356b26
566c7564d408ea000519c678,5e1545d9b1fb05b6369d13e8
5b4d15c23d01bd0001ec4018,5c91c693765dad0016f8495c
5ce30fb4c6aade001903ed6d,5dee65dc03364951083cd77c
5de9689935b10502ef568050,5e84765c7206730182a6f738
5e6cade3d92ffb26677dbd84,5f56b56b0fa1b412025708cf
5d05767056e71d001863ef54,5f0e16a89f0d68127670c288
59ad6f1e09709e00013c2ba5,5d37d2861566530016a061de
5e11882114ae638303c715d9,5f08bea1c1c4e111f286d7d1
5c228e5c867f660001ad66be,5ebabe2f4d32da02ed3a6915
5c75419284e176001254c7a5,5f037eb9de02ff2a0082dda3
5eb2f1a1ce5ba10ab2c0a042,5ec6e4ebdab574105b1bf4d9
5e2be6efe179572183644844,5f4cf071633ed2922c6e06dd
5869dec37fbbcd00013974e2,5bd086bbc3b40e0001df9551
5bf54aa4d382df0001b9e43b,5c4de8f726093e000134ee6e
53979923fdf99b1ccc3f11f6,5be8de2ed3560900015c743a
5dd3e6b66ca7e73c42b4eec8,5e9115dde9961610d06e08b8
5d17227bab610c00170fd98d,5e975ea254955d0bfe9f7929
5f04797c88d91307286d6379,5f4e391f5dbb441153a43289
5efabf3ac16df890cee2b41e,5efe907ba8384039f55a9625
5e6d08da374f5b2c1f67aa85,5f12f20001f4ce0008767b19
5c6babadec1fb80001c18bed,5f352e9b8ad4af48c58d8143
5acba4a15cd10500016280ca,5dd3f9593269923d6ccc5de8
5dd28beafce6062a4f5221b3,5e2d9faa72e2fa39058e5b4a
5f3fecd2bc9bac0b4ca93d30,5f469dcf5fcb5d0355771013
5b6cb3049ee1a50001c5ef0f,5d3356323e1190001909339b
5d82721a7d2c7400173d26cb,5f2dd9a6f7105d130903473b
5d8e361e6e920e0014b459d9,5f4d435c030fef9d0136b496
5db721e8e26da7000b6c7f85,5e63ff31e4e9bf183d956072
5c7e91c1973c990016ea72b0,5c817d90fae0130015ce9bda
5e820a4e26ed71918013d860,5edff301000fa631c7b5bd3b
5e53036cd91a8232a99e60fb,5e8727fb90c37002d97ca052
5eaad5dcc2e64603e5122442,5eb9798c0c0c95075ce61dfb
5d81746b784c7600198580ee,5eed1bae9e63ac127ac15a77
5dd5db1ded7ea4574c7bc996,5eed1bae9e63ac127ac15a77
5dd5db1ded7ea4574c7bc996,5ecb2895bc80406a12e913a7
5f3c2648a9ef86a4c10de377,5f469dcf5fcb5d0355771013
5f15da27044c9b700c9b7432,5f47e116dbc4a2230a521331
5a791168f49c9a0001f31061,5a7e017f527fd000014685d2
5c670a430d80fd00014264f9,5e6cade3d92ffb26677dbd84
5c817d90fae0130015ce9bda,5e7cf6a91b20a2370376ec18
5f50544b526bec1ce4a44f70,5f5e8c58f7e0497501c4e356
5e3309ad239ceb2d47d47c4a,5effc7a64495250cbb0d8de8
5d964976b8040b001761467c,5e4ce1b969ff371388c86078
5be05da9b5be300001e54be5,5e9ce0a46976671ceda6082a
5d10eaf23afd390019075267,5edff301000fa631c7b5bd3b
558b7b06fdf99b21155f2c1b,5c228e5c867f660001ad66be
5e606b1eaf84e83c728748d7,5f4c9e74da9c148b0d42ecbd
5bd4143d669ee1000144ac35,5f7a0bc4853bd46503a27113
5e668df31d7e1a4039d67b49,5e79340b6d9a624e3f39586d
5eb1e9b96c1f4713ed5d0a1e,5ed442ea258f2e4098c6b153
5c95970cd676900016e1a940,5e975ea254955d0bfe9f7929
5a127fc7c259f30001766641,5e1545d9b1fb05b6369d13e8
5dee44454d7bea4e3f4b44a6,5ecb2895bc80406a12e913a7
598c9125cceb0f0001b39697,5cfc3d486e9951001a0cb8cd
5e0795cbf9bc33000a747571,5f053720c017078437e04818
57f6aefc42bfc700016ab1e0,5f5a3a4c829f790a5c6d1ff2
5e7e70c583c34c53f6c643db,5efe907ba8384039f55a9625
5e2721b01160079464059b5c,5f12a44dadcb8421418b6a80
5e56a66121583601d3c3526a,5eb35afb20c7f015a0697687
5ee1aff5d156f20008c98012,5f0107db94097c2544c516e6
5b0319e68d753d0001cc75c7,5f0df6c9b64b5107b88cbd4b
5a0f7d84ff266c0001d209cc,5efbbac9041ae7163c083d36
5bcc60b95c2b810001dc68e2,5c3a1ef5e57f0500018506c0
5f50732850c7c600098593df,5f5ce7f940a2614f6cb6e747
5de59698a2db8951b9955ccb,5de7b588ff15c2a06658dd1d
5b23d0784fb0d40001e95407,5de80e0b521f95791f912e49
5c291c9e1496350001cd4646,5f0e30afab8b8f15654689e8
5ec735fc4131bd17f438838c,5ecb2895bc80406a12e913a7
5f2ef358d45f6110ad8ba935,5f6be2474140c215c8ebbe52
5dd3e6b66ca7e73c42b4eec8,5e31978166f7ac184c52c457
57af9cdda169b50001a434e3,5ea714d0ba872d0cc55cdd79
5de7b588ff15c2a06658dd1d,5ec81134ac7d6b2b9ac51453
58f0fca0d40252000192f201,5f5127e45185c93094565dcd
5eb86384ed81047c65376aea,5eed8bec94fa2f1be77c189a
5cea6a19be3e050016bf85f2,5ef00318f05e8b4fc02145ae
5d37d2861566530016a061de,5f053720c017078437e04818
5f18ff404f90fe1473c2e3b6,5f5128258dff8f30b0c3c1eb
5f5046b65bd4a21aab7422cd,5f557591aa1c4e950ba02f01
5c159f7745de2c000133c3f2,5f60371e80ea02132146968e
5c0595bb1a20110001e9f1e1,5d9be30b027b5602c520d93b
5f60d31390a8c1044e775b18,5f8f590a06d17e1aafb3e50d
5bd8d97c26903900018579d3,5f3fecd2bc9bac0b4ca93d30
5e3dd36d19be0d040a17f13f,5e9893ed5638a10bda112333
5ef6bb87b83f3b000a3f04ae,5f7e700fa9c86614bbb5343a
5c7a4ca80b94ca00164122a1,5ef3e76be991b816cd499e69
5cc020d5159f790017bee28b,5f30841ff614014e92784605
58641c3bdb3e720001e22831,5e2f4df549436751a44c8d8e
5a3dfbbcdaea400001ac1adc,5ea89ce6f0ff073086c282f5
5977e3867412f8000194e1fe,5e387b36caa8e1000da3f0f8
5eb06b5c438b1810fe2e58a2,5eeaae03e1959f18cd331cd0
5ec441b77b846b31db2d328a,5ef6d07be683903cd5ae171d
5c89bf9c54effd0016d7285b,5e25cd6e4bf0bc000cba6291
5e820a4e26ed71918013d860,5f112c3557b476490891ec16
59e18a4fe75b450001a69007,5cbf7734aae1180017942e45
5bd8d97c26903900018579d3,5f4f880fe0a90c049c47adca
5d8d29488bb7fa001a59cfec,5eb1c7ea9d99fc30b502cc84
5c4534332b1bda0001f5791f,5d0fb996286e1700010de2c1
5aa61dd36475f90001a05dcf,5dd0103cb2204f108c201552
5dd5db1ded7ea4574c7bc996,5f95dba27ac0f247b0177e9d
5e948edbbae84a7ddd396364,5eba34aa6f816b16d72f49e1
5d9283b2fef9a5001ab28d18,5e83a35304f8a80a13ac590e
5e1c0249b07c32408bdfa75b,5ea74ea1fb3f711081d6763c
5de5e8e5a1a3fb572da9cce5,5e857e9acec05016fd59b045
5e5d41f55b2b6e02899a1b90,5f7b058486367d0229c422d1
5ac53367e1546900019c03ba,5e28ad9b6dbb5608131beb19
5c989ea4c7f75b0001677fa8,5df11a727f08ed028418fa62
5db6f5c8c5ffeb000ac7cfb2,5f935494c542c2119a47e3c4
56db4c217dcddf000bd5853c,5c670a430d80fd00014264f9
5f2cc8cebc4bd01d61151550,5f50732850c7c600098593df
582879857e8aef000152fba4,5cb882d33f0af9000159e00f
5eb4c6510ef386339dde2a35,5f08891e392f740a659bbc7d
5de1ef4ecb1b08240f97671a,5e67f0321e4f0a0a657c1d08
59d5c894c732930001d88b5e,5d1554e28ecfae0017a026eb
5d5dc2d37bfc8400013b653c,5e659dd9f2dd1f3226c38f71
5e0d416d13ec504cb9c43cbf,5e8727fb90c37002d97ca052
5eab120dde58220b71cf6599,5eac240458076b2299539277
5ce30fb4c6aade001903ed6d,5e975ea254955d0bfe9f7929
5ded1483ad51833dce7ac867,5dfbb9eaae7b308dbf97a681
5c683401b75f9000019f49ba,5d18251e19c4900016c01035
5e436fd5a21260000a4d49f7,5e75b3b5cf9c271200060583
5a79f14a8fe2dc00010593eb,5f7b883e86b82815a5a63f06
5e3f6b251d15101c5251d8b7,5e71556788152e079f80b73b
596fea64a5c32a0001584755,5d949970ca12280014908f72
5e6f930a8c586155bdfffc4b,5ea373a13602a7135cee9b13
5dcb55b60133ef83a90f85ac,5f3a06ed07aaa21cd8a2e3b4
5ad7c075c25ea0000188486b,5de5538f8fde1c4dbc951498
5dbc46b70338051eb7999760,5dc0ac2c441a2105cbb3bb0f
5c3a34eebe1ddc0001aa35d6,5ea72592a95dbf0c71404225
5cc604bd3bbb120018a3c0e2,5e0acbffdc79bd35336ed6e0
5e26a04f727e048d3e0b9459,5f0ca4c7b278534b639a6891
5e11882114ae638303c715d9,5f14cf327627fb00097f9a8a
5ed70903f3b2f8195f919e6f,5f14d5cdb5d4c20e78dc1672
5eaf77532b6845665ddefd09,5eaf89868dc798686228174b
5d49a0b751695e0001a188a8,5df15bc3361a8506b94f79ed
5d964976b8040b001761467c,5f51268b7abc4a30c4d8240d
5f1664c5e764871cf6d224aa,5f93386aec8f5f0e50933a4d
5bd4143d669ee1000144ac35,5f4bc3259e842579bf1a8b0a
5c8be0dd542fbd0016924f5f,5e9ce726b7e350211b9ac963
580cab86b869700001d71628,5ea0d8c7e106cc0ebc3262b1
5ea8bd7dde405c135b36267b,5eeb88f7507eb331b39e0d1a
5d42486206811e001ada5b4b,5f400d4a51a8cd1011b37455
5d42486206811e001ada5b4b,5dea961cf4c5e11bd9c4058c
5d1e5e30a043ee0019453932,5d37d2861566530016a061de
5f165eddcff9011bb582c376,5f47e116dbc4a2230a521331
5c97d5bb41502a0017b3aadf,5dcdcf1f3d341109f64a5127
558b7b06fdf99b21155f2c1b,5f51530ebc50f53857d60824
5dd4767b32288646716dc98a,5f08bea1c1c4e111f286d7d1
5e6cade3d92ffb26677dbd84,5f1b2282a3103e2caff2fd7b
5dea961cf4c5e11bd9c4058c,5f04797c88d91307286d6379
5951c8505f42c10001ff3f93,5e5ec4b603a4721fa9447858
5da4e65ee7fdf4001aa4dab1,5dd0b075c944d1174e6e3c5a
58f0fca0d40252000192f201,5ea492e3b1b3620a6fee3b90
5e2be6efe179572183644844,5edef14e402f7d1ac3b97c74
5d961edc1b7e120012c4ca34,5d96fe713cc967001852334f
5e33f0622878163a8387ee65,5eb9cea0d0a682113d2c05a1
5c228e5c867f660001ad66be,5d338bb02381b7001761694e
5c7e91c1973c990016ea72b0,5f5128258dff8f30b0c3c1eb
5c8a9fcefc99500016552933,5d49a0b751695e0001a188a8
5e4ce1b969ff371388c86078,5f14d5cdb5d4c20e78dc1672
5c43c90d5aca820001f73f6f,5eb2f1a1ce5ba10ab2c0a042
55ed87f0748092000baa9a0b,5d0fb996286e1700010de2c1
5aeb922a75deca0001624d23,5d81746b784c7600198580ee
5c12f106c4b80e000192c472,5eb2f1a1ce5ba10ab2c0a042
5d4a01a20b5bf80019ad0070,5ea7013f3fe3360abb654e38
5d5b64a224470200150a9cf1,5ec5d393295d6e655f9842e4
5f0298ad4a1b58435567e7d4,5f17909c1cdb3701aad2d11c
5eb86384ed81047c65376aea,5f0e16a89f0d68127670c288
5e1f7b9242998a2ab95cff70,5e9d17806b65d7251242bb7a
597b858909bdcf000153ff58,5d81746b784c7600198580ee
5c0017c8f4fb890001d68650,5e9c97d06897c703fb05e12c
5ee91d6e634e8e1290804250,5f568b81712ed00cb3759181
5df40839a1f3612e51ff72bb,5f568b81712ed00cb3759181
5ea720c9f599000d94151f4e,5eb4c6510ef386339dde2a35
5f30841ff614014e92784605,5f657048f1af6f0fac94a852
5ed1e0f7ba6548028fc64722,5f51265c4873f23082851a5c
5ddef2e6929d5de6f1050f1c,5e88e9f57a40f5577f4fe75f
57af9cdda169b50001a434e3,5a791168f49c9a0001f31061
5de9863a5c91a40b4a969920,5ede89655600b51030337511
5eab89102e910016bb0b5414,5ef0d2abecae6d04de905512
5dbc46b70338051eb7999760,5eda9c1285d97f13ff9ec230
5d96fe713cc967001852334f,5f6dc2d7fa66e824dbf70d24
5e2f92e3484f9b5583eddcdb,5e7e9728b8637456f26f3372
5eb9798c0c0c95075ce61dfb,5f0142aa1eb1e528e7abce50
5eece89d63352e0c327ddb0b,5f51265c4873f23082851a5c
5eea4a214c865810724760f1,5efe549cd061693579bff438
5ef831c97dcd65573bbb0649,5f0c61f219803a07239a4269
5706fb93914b7100093b7925,5d964976b8040b001761467c
5d3f6c700bd40e001cf67d98,5eb35e715308a1157ae3b853
558acd52fdf99b65685f03d9,5f9addbfc4733c24f8e81be3
592bb32c943e670001cde123,5c78dc27e8df4d00150c5252
5b16d24d388d8b00014fa6e6,5f9ce612801a251ec3c07ecf
57d6dd8d6598aa000199188b,5c0c35ff217d600001121ae5
5e3f6b251d15101c5251d8b7,5eb35a554ff34414ebb41827
5c75419284e176001254c7a5,5e9e884f0c8e5e25f51c6d0b
5eeb88f7507eb331b39e0d1a,5f11fc790127d60008657bfe
5d30a875ad3457001743fbc9,5f8f590a06d17e1aafb3e50d
5c3a34eebe1ddc0001aa35d6,5e84765c7206730182a6f738
5eb1e9b96c1f4713ed5d0a1e,5f65597823696e0e9bd8f63a
5eefcccaf9461b13feb83c5e,5f0e50c3a8d93519188a7525
5dd1fe642b033b24c852394d,5e7ad79b4a5c600c89af2462
5e2d9faa72e2fa39058e5b4a,5e8d3bbdcb3dc611389d1f37
5eb35e715308a1157ae3b853,5f053720c017078437e04818
5e5ca080bb37ff47b09dd4cc,5f6e7ce18d7ea83c39acc2d5
5f070947ea1cc729b610c462,5f3898caed1478189b8462a0
5c27e76978fad500019328cc,5f1798fcec2e75013c28cfc7
5c6d460ec3aa150001145611,5e8727fb90c37002d97ca052
5a78c698000dab00018c2598,5e9b3c62943331040367e599
5bf3761862e1bc0001f15cb2,5ee3c4bda54f6807aced1eb9
5e6a608ce62ce1000c940212,5e9d549e36f025000a0ddc25
5eab89102e910016bb0b5414,5eb35afb20c7f015a0697687
5dc0ac2c441a2105cbb3bb0f,5f15fbdf2c61ce144ceeb357
5d06b3a3ae1dc1000167e533,5e11882114ae638303c715d9
5e31978166f7ac184c52c457,5ea5ba46461d105ac7fdb4fb
5ba3d4590e41db0001786ca1,5f47b6587dfbf11be8eda97c
5dde8fba82f458000c8c7c75,5f0298ad4a1b58435567e7d4
5e1f7b9242998a2ab95cff70,5ebb48fa86aba5115f8f33c9
5dcf55f1cc192008cf8404b8,5ee2a7978099c00d4793c807
5eda93dcca52056b992dc4e7,5ef6bb87b83f3b000a3f04ae
5f3b2b15f5d396257a4cd215,5f3fecd2bc9bac0b4ca93d30
55b90235fdf99b26070d7663,5eb9cbed3af3720f69cb5913
5dd28beafce6062a4f5221b3,5f935494c542c2119a47e3c4
5d05767056e71d001863ef54,5dd33bd8f01cbe3350807cf6
5ea72592a95dbf0c71404225,5f12b2d469688113079cc273
5cc344f6a187880001370d77,5eaa287bfb0fca19f4306de9
5c989ea4c7f75b0001677fa8,5d961edc1b7e120012c4ca34
5be05da9b5be300001e54be5,5ec00f62cf12be40ea6fe344
58f0fca0d40252000192f201,5f55b2de5c3cb118507479f5
5d5dc2d37bfc8400013b653c,5f51265c4873f23082851a5c
5c228e5c867f660001ad66be,5f48fc7ff922922cbcb9c25d
5aaf4b0ce1546900019b01de,5dbf9446a3f5cb419e9d28c8
5f0298ad4a1b58435567e7d4,5f12a44dadcb8421418b6a80
5c9527e29e4f7400011e1571,5dde8fba82f458000c8c7c75
5edef14e402f7d1ac3b97c74,5f4d435c030fef9d0136b496
597b858909bdcf000153ff58,5f33f1bcea047124b738476d
5d06b3a3ae1dc1000167e533,5d42eb0db3dfc40018ab2c36
5d05767056e71d001863ef54,5e7072e5fb136c63e94f3fa4
5e52af8dd120e7000bc35826,5f69256939716410ede6f2be
5e8a26247ad7526bf85abbff,5f0a1bbf4095fb1232dc7940
5e820a4e26ed71918013d860,5ee53940e704230cfe9c301f
5c670a430d80fd00014264f9,5ed442ea258f2e4098c6b153
5eab89102e910016bb0b5414,5eb1e9b96c1f4713ed5d0a1e
5b905d47e057280001e4af42,5f59a1b945fc451ff6152886
5f29dfe7512c2817f7957e1a,5f712c16875f0375275c57d5
5a68c01031b87a0001c752c3,5e2ef776425d8601c43079f2
5f04797c88d91307286d6379,5f65597823696e0e9bd8f63a
5f3c2648a9ef86a4c10de377,5f65597823696e0e9bd8f63a
5bfb3c42b2fc16000101296b,5ef418a3637bb41d140de7e4
5f3ac1732efa0a74f975b1a8,5f5127e45185c93094565dcd
5cb3ca4e66fddc001481db61,5e948899616f297dd873cb1d
5f07c86524cc101f35f443e6,5f18fa06ade41e1406c07a34
5e2926d80beb030ede110e67,5e77f95053032d0b15687284
5eafc593ea86b06dc1628d88,5eb24e9991dfaa1aaf03a7b8
5e7fefe06c12706d47e35211,5ea75e57fe8e7013dd8c1224
59d5126df35ff40001914d8e,5e9df26707933e1720927fee
5dc0ac2c441a2105cbb3bb0f,5dd5fa943708105b2a644e09
5e7e70c583c34c53f6c643db,5eea4a214c865810724760f1
5a791168f49c9a0001f31061,5f5fcf3aa5691f099d7ed990
5850d667b64b9e00017cb722,5f3e9f121e84430ec9310a7b
5cc020d5159f790017bee28b,5f0c61f219803a07239a4269
5d5dc2d37bfc8400013b653c,5f5127e45185c93094565dcd
5dd4070a57a7e13efe25534a,5ef54b31234db61ac1c7fdb0
5c670a430d80fd00014264f9,5dacf0bb8f8b6800114d9013
5d79375d794d900017671c07,5ed9df4296035b58dce21946
5687d85e369319000c269c55,5dd0103cb2204f108c201552
59d5c894c732930001d88b5e,5f612984e5033f09587f0faf
5d79375d794d900017671c07,5f4e8f0ac0126208c0db2f91
5d8d821215875e001482ece7,5f4c5105ad5ee685d48bcca2
5c91c693765dad0016f8495c,5f20240d7dfbcc294161ba43
5dd4bd7ae4f4a0499548a810,5eaa287bfb0fca19f4306de9
5dab7683c514d8001730ae4e,5f07070d75038e05e9fcf515
5aeffc6e0ccc2e000185aa28,5ea714d0ba872d0cc55cdd79
5ee3fddcc8ba5c0ecbd0699e,5eef1e59872e07000ba6cb37
5a7e017f527fd000014685d2,5ed9df4296035b58dce21946
5ee84653635dc301d2f8d5b8,5f5fffc902adba0e8f3fdb75
5e483052a742a3000f7c15e8,5ea749262a23e31252937fc9
5ec81134ac7d6b2b9ac51453,5f6b69d064b69d05a7c7c621
5d510396f6725b001a4fc025,5e1545d9b1fb05b6369d13e8
5ec5a705a9b68d5f1f482ce5,5efbe4f0c9f37c1a3b70afaf
5b8597308f1e2600019bbf90,5f49553539747213d0e5f1ae
5b57dcb2b1c76d00016f8599,5c327f67cced450001d49ea4
5c5db893b40f3800011084b4,5e7f9714e74e0c66d2a04098
5dd352c51c219b35931aefd1,5e8fe10948e8062e52605345
5ee1278f5e33964dcb11d20f,5ee9c0d2de277c3621bfb1c5
5ebd52d8cb09d4000c9f64af,5ec5d393295d6e655f9842e4
5f4c043843154b0efb8a1a25,5f60d31390a8c1044e775b18
5d1aadf961a40900171f6931,5e80d8569d1bdf03449b0c2e
57af9cdda169b50001a434e3,5ee0010edfc47c33f1726e45
5f31841d1f74f304ef5567f7,5f612984e5033f09587f0faf
5ef6bb87b83f3b000a3f04ae,5f4d92a4584ab6064be44ce5
5ce30fb4c6aade001903ed6d,5d3758292faa0d0016797c0f
5a79de1faa46dd00016b3a60,5d1aadf961a40900171f6931
59296fb2e8a7ff000163f033,5ec81134ac7d6b2b9ac51453
58f0fca0d40252000192f201,5a79f14a8fe2dc00010593eb
5e11882114ae638303c715d9,5f195ead0ccbf2018572a26f
5dd5db1ded7ea4574c7bc996,5eac6e70e481222bfb2a8872
5ccd0f98bc4e160001c0d622,5e95eb91a72181035dd053f3
5a9493ce873cda0001dc6dfb,5e71210f2471fc03f2a62102
5d81746b784c7600198580ee,5f55b2de5c3cb118507479f5
57af9cdda169b50001a434e3,5f04797c88d91307286d6379
5d3758292faa0d0016797c0f,5f07c86524cc101f35f443e6
55c4ea6dfdf99b4adb996618,5ea081a83dec4804d565f7fb
59d5888d21977e0001d630f3,5dcf55f1cc192008cf8404b8
597b858909bdcf000153ff58,5f3e9f121e84430ec9310a7b
591bc89fb817f400015b7017,5e17938e5bcd430947a98c2c
5dd33bd8f01cbe3350807cf6,5ee584e4acfd341ac542b0c9
5c817d90fae0130015ce9bda,5dd61a909ca8a35c14d8d610
5f6be2474140c215c8ebbe52,5f9d9521d0edb72c4a201709
5d2f7fb4bb27200019010768,5ee59169fbedfb2dede8cea8
5e80d8569d1bdf03449b0c2e,5ed56587e879740cccc9d62a
5eadf3b39c169a4a5a017f76,5eb02a40b17a8c0868685d32
5eb1e9b96c1f4713ed5d0a1e,5f0395a63963d05bc235abdb
5be05da9b5be300001e54be5,5eb35e715308a1157ae3b853
5bd8d97c26903900018579d3,5ec82c3f67c66a10c498ecf6
5c43c90d5aca820001f73f6f,5f15e493d2423e70aa0aa3a2
5d1534993fa4550019cf8aec,5dd5bbf239bca15813cff296
5e387b36caa8e1000da3f0f8,5eea18fc3e537f0c21f2e9df
5687d85e369319000c269c55,5b4a6e57d317a20001e2d051
5dd3699ee73e6136c640f1cf,5de855017d44177cafe19840
5c95970cd676900016e1a940,5e5ca080bb37ff47b09dd4cc
5acba4a15cd10500016280ca,5d0a731abf09e10001c3f3d8
5dd31d3216d10c341d2d2c7e,5ee59169fbedfb2dede8cea8
5e13542bc12a3699bbdc8753,5ebcd8fc55e67d14203d0fde
5df88caf783225616ad3defe,5eaa26c17c3cbc1ae4881baa
5b997597caaef400011da16d,5eb3137a95eefd0eb9985c5b
5c7c73b6f48c6d0001f6f49c,5eee306006ab9629fb76858c
571cea664ca277001153c045,5f612984e5033f09587f0faf
59d5126df35ff40001914d8e,5d10eaf23afd390019075267
5e01ac85617219d6da5ab31c,5ea3310bf9c4f828f0c909c5
5d625b4550d0dd0017805839,5ed885609d0c93397b6b50fd
5a7e017f527fd000014685d2,5e606b1eaf84e83c728748d7
558b7b06fdf99b21155f2c1b,5f4d53f96aa639a0d605052e
5c159f7745de2c000133c3f2,5f3ac1732efa0a74f975b1a8
5e4a1730c94447480594cea4,5ed9df4296035b58dce21946
